"#","Reference","Qty","Value","Footprint","DNP"
"1","C1, C3, C11","3","1Î¼","Capacitor_SMD:C_0603_1608Metric",""
"2","C2, C5, C6, C7, C8, C9, C10","7","100n","Capacitor_SMD:C_0603_1608Metric",""
"3","C4","1","1n","Capacitor_SMD:C_0603_1608Metric",""
"4","J1","1","Conn_01x04_Pin","Connector_Molex:Molex_PicoBlade_53048-0410_1x04_P1.25mm_Horizontal",""
"5","R1, R4","2","0R","Capacitor_SMD:C_0603_1608Metric","DNP"
"6","R2","1","68","Capacitor_SMD:C_0603_1608Metric",""
"7","R3","1","0R","Capacitor_SMD:C_0603_1608Metric",""
"8","U1","1","~","fyp:SPH1642HT5H-1",""
"9","U2","1","~","Package_DFN_QFN:QFN-24-1EP_4x4mm_P0.5mm_EP2.6x2.6mm",""
